individual;period;flower;pollinaria_remaining;pollen_on_stigma;recorder;writer;notes
1;early;1;2;0;MF;SA;NA
1;early;2;1;0;MF;SA;NA
1;early;3;1;0;MF;SA;NA
1;early;4;2;0;MF;SA;NA
1;early;5;2;0;MF;SA;NA
3;early;1;1;0;MF;SA;NA
3;early;2;0;0;MF;SA;NA
3;early;3;2;0;MF;SA;NA
3;early;4;2;0;MF;SA;NA
3;early;5;2;0;MF;SA;NA
4;early;1;2;0;MF;SA;NA
4;early;2;1;0;MF;SA;NA
4;early;3;1;1;MF;SA;NA
4;early;4;2;0;MF;SA;NA
4;early;5;2;0;MF;SA;NA
5;early;1;2;0;MF;SA;NA
5;early;2;2;0;MF;SA;NA
5;early;3;2;0;MF;SA;NA
5;early;4;2;0;MF;SA;NA
5;early;5;2;0;MF;SA;NA
6;early;1;0;0;MF;SA;NA
6;early;2;0;1;MF;SA;NA
6;early;3;0;0;MF;SA;NA
6;early;4;0;0;MF;SA;NA
6;early;5;0;1;MF;SA;NA
7;early;1;0;0;MF;SA;NA
7;early;2;2;0;MF;SA;NA
7;early;3;0;0;MF;SA;NA
7;early;4;2;0;MF;SA;NA
7;early;5;2;0;MF;SA;NA
8;early;1;2;0;MF;SA;NA
8;early;2;2;0;MF;SA;NA
8;early;3;2;0;MF;SA;NA
8;early;4;0;1;MF;SA;NA
8;early;5;2;0;MF;SA;NA
9;early;1;2;0;MF;SA;NA
9;early;2;1;0;MF;SA;NA
9;early;3;0;1;MF;SA;NA
9;early;4;1;0;MF;SA;NA
9;early;5;1;0;MF;SA;NA
10;early;1;0;0;MF;SA;NA
10;early;2;0;0;MF;SA;NA
10;early;3;2;0;MF;SA;NA
10;early;4;0;0;MF;SA;NA
10;early;5;2;0;MF;SA;NA
11;early;1;0;1;MF;SA;NA
11;early;2;2;0;MF;SA;NA
11;early;3;2;0;MF;SA;NA
11;early;4;0;0;MF;SA;NA
11;early;5;2;0;MF;SA;NA
12;early;1;0;1;MF;SA;NA
12;early;2;2;1;MF;SA;NA
12;early;3;0;0;MF;SA;NA
12;early;4;0;1;MF;SA;NA
12;early;5;0;0;MF;SA;NA
13;early;1;0;0;MF;SA;NA
13;early;2;0;0;MF;SA;NA
13;early;3;2;0;MF;SA;NA
13;early;4;0;1;MF;SA;NA
13;early;5;2;0;MF;SA;NA
14;early;1;2;0;MF;SA;NA
14;early;2;1;1;MF;SA;NA
14;early;3;0;0;MF;SA;NA
14;early;4;0;1;MF;SA;NA
14;early;5;1;0;MF;SA;NA
15;early;1;1;0;MF;SA;NA
15;early;2;1;1;MF;SA;NA
15;early;3;0;1;MF;SA;NA
15;early;4;2;0;MF;SA;NA
15;early;5;2;0;MF;SA;NA
16;early;1;0;0;MF;SA;NA
16;early;2;0;1;MF;SA;NA
16;early;3;2;0;MF;SA;NA
16;early;4;1;1;MF;SA;NA
16;early;5;0;1;MF;SA;NA
16;early;1;0;0;MF;SA;NA
16;early;2;2;0;MF;SA;NA
16;early;3;2;1;MF;SA;NA
16;early;4;1;0;MF;SA;NA
16;early;5;2;1;MF;SA;NA
16;early;1;2;0;MF;SA;NA
16;early;2;2;0;MF;SA;NA
16;early;3;1;0;MF;SA;NA
16;early;4;2;0;MF;SA;NA
16;early;5;0;0;MF;SA;NA
17;early;1;2;0;MF;SA;NA
17;early;2;2;0;MF;SA;NA
17;early;3;2;0;MF;SA;NA
17;early;4;1;0;MF;SA;NA
17;early;5;2;0;MF;SA;NA
18;early;1;0;0;MF;SA;NA
18;early;2;0;0;MF;SA;NA
18;early;3;2;0;MF;SA;NA
18;early;4;1;0;MF;SA;NA
18;early;5;1;0;MF;SA;NA
19;early;1;1;1;MF;SA;NA
19;early;2;0;1;MF;SA;NA
19;early;3;0;0;MF;SA;NA
19;early;4;0;1;MF;SA;NA
19;early;5;2;0;MF;SA;NA
20;early;1;0;0;MF;SA;NA
20;early;2;2;0;MF;SA;NA
20;early;3;0;0;MF;SA;NA
20;early;4;0;1;MF;SA;NA
20;early;5;1;1;MF;SA;NA
21;early;1;1;1;MF;SA;NA
21;early;2;0;1;MF;SA;NA
21;early;3;0;1;MF;SA;NA
21;early;4;2;1;MF;SA;NA
21;early;5;0;1;MF;SA;NA
41;early;1;0;0;MF;SA;NA
41;early;2;2;0;MF;SA;NA
41;early;3;2;0;MF;SA;NA
41;early;4;2;0;MF;SA;NA
41;early;5;2;1;MF;SA;NA
79;early;1;2;0;MF;SA;several_flowers_predated
79;early;2;2;0;MF;SA;several_flowers_predated
79;early;3;2;0;MF;SA;several_flowers_predated
79;early;4;1;0;MF;SA;several_flowers_predated
79;early;5;1;0;MF;SA;several_flowers_predated
80;early;1;0;0;MF;SA;several_flowers_predated
80;early;2;2;0;MF;SA;several_flowers_predated
80;early;3;2;0;MF;SA;several_flowers_predated
80;early;4;2;0;MF;SA;several_flowers_predated
80;early;5;2;0;MF;SA;several_flowers_predated
81;early;1;2;0;MF;SA;NA
83;early;1;2;0;MF;SA;NA
83;early;2;2;0;MF;SA;NA
83;early;3;2;0;MF;SA;NA
83;early;4;2;0;MF;SA;NA
83;early;5;2;0;MF;SA;NA
84;early;1;2;0;MF;SA;NA
84;early;2;2;0;MF;SA;NA
84;early;3;2;0;MF;SA;NA
84;early;4;2;0;MF;SA;NA
84;early;5;0;0;MF;SA;NA
85;early;1;1;0;MF;SA;NA
85;early;2;2;0;MF;SA;NA
85;early;3;2;0;MF;SA;NA
85;early;4;2;0;MF;SA;NA
85;early;5;2;0;MF;SA;NA
85;early;1;2;0;MF;SA;NA
85;early;2;2;0;MF;SA;NA
85;early;3;2;0;MF;SA;NA
85;early;4;2;0;MF;SA;NA
85;early;5;2;0;MF;SA;NA
86;early;1;2;0;MF;SA;NA
86;early;2;0;0;MF;SA;NA
86;early;3;0;0;MF;SA;NA
86;early;4;1;0;MF;SA;NA
86;early;5;2;0;MF;SA;NA
87;early;1;2;0;MF;SA;NA
87;early;2;2;0;MF;SA;NA
87;early;3;2;0;MF;SA;NA
87;early;4;2;0;MF;SA;NA
87;early;5;2;0;MF;SA;NA
88;early;1;2;0;MF;SA;NA
88;early;2;2;0;MF;SA;NA
88;early;3;0;0;MF;SA;NA
88;early;4;1;0;MF;SA;NA
88;early;5;2;0;MF;SA;NA
89;early;1;1;0;MF;SA;NA
89;early;2;2;0;MF;SA;NA
89;early;3;0;0;MF;SA;NA
89;early;4;2;0;MF;SA;NA
97;early;1;2;0;MF;SA;NA
97;early;2;2;0;MF;SA;NA
97;early;3;2;0;MF;SA;NA
97;early;4;2;0;MF;SA;NA
98;early;1;2;0;MF;SA;NA
98;early;2;2;0;MF;SA;NA
98;early;3;2;0;MF;SA;NA
98;early;4;2;0;MF;SA;NA
98;early;5;2;0;MF;SA;NA
99;early;1;2;0;MF;SA;NA
99;early;2;2;0;MF;SA;NA
99;early;3;2;0;MF;SA;NA
99;early;4;2;0;MF;SA;NA
99;early;5;2;0;MF;SA;NA
100;early;1;2;0;MF;SA;NA
100;early;2;2;0;MF;SA;NA
100;early;3;2;0;MF;SA;NA
101;early;1;2;0;MF;SA;NA
101;early;2;2;0;MF;SA;NA
101;early;3;2;0;MF;SA;NA
101;early;4;2;0;MF;SA;NA
101;early;5;2;0;MF;SA;NA
102;early;1;0;0;MF;SA;NA
102;early;2;2;0;MF;SA;NA
102;early;3;2;0;MF;SA;NA
102;early;4;2;0;MF;SA;NA
102;early;5;2;0;MF;SA;NA
103;early;1;0;0;MF;SA;NA
103;early;2;1;1;MF;SA;NA
103;early;3;2;0;MF;SA;NA
103;early;4;2;0;MF;SA;NA
103;early;5;2;0;MF;SA;NA
104;early;1;2;0;MF;SA;NA
104;early;2;2;0;MF;SA;NA
104;early;3;1;0;MF;SA;NA
104;early;4;2;0;MF;SA;NA
104;early;5;2;0;MF;SA;NA
105;early;1;0;0;MF;SA;NA
105;early;2;1;1;MF;SA;NA
105;early;3;0;0;MF;SA;NA
105;early;4;2;0;MF;SA;NA
105;early;5;2;0;MF;SA;NA
106;early;1;2;0;MF;SA;NA
106;early;2;2;0;MF;SA;NA
106;early;3;2;0;MF;SA;NA
106;early;4;2;0;MF;SA;NA
106;early;5;2;0;MF;SA;NA
106;early;1;2;0;MF;SA;NA
106;early;2;2;0;MF;SA;NA
106;early;3;2;0;MF;SA;NA
106;early;4;2;0;MF;SA;NA
106;early;5;2;0;MF;SA;NA
107;early;1;2;0;MF;SA;NA
107;early;2;2;0;MF;SA;NA
107;early;3;2;0;MF;SA;NA
107;early;4;2;0;MF;SA;NA
107;early;5;2;0;MF;SA;NA
108;early;1;2;0;MF;SA;NA
108;early;2;2;0;MF;SA;NA
108;early;3;0;0;MF;SA;NA
108;early;4;2;0;MF;SA;NA
108;early;5;2;0;MF;SA;NA
109;early;1;2;0;MF;SA;NA
109;early;2;2;0;MF;SA;NA
109;early;3;2;0;MF;SA;NA
109;early;4;2;0;MF;SA;NA
109;early;5;2;0;MF;SA;NA
110;early;1;2;0;MF;SA;NA
110;early;2;2;0;MF;SA;NA
110;early;3;2;0;MF;SA;NA
110;early;4;2;0;MF;SA;NA
110;early;5;2;0;MF;SA;NA
111;early;1;2;0;MF;SA;NA
111;early;2;2;0;MF;SA;NA
111;early;3;2;0;MF;SA;NA
111;early;4;2;0;MF;SA;NA
111;early;5;2;0;MF;SA;NA
112;early;1;2;0;MF;SA;NA
112;early;2;2;0;MF;SA;NA
112;early;3;2;0;MF;SA;NA
112;early;4;2;0;MF;SA;NA
112;early;5;1;0;MF;SA;NA
113;early;1;2;0;MF;SA;NA
113;early;2;2;0;MF;SA;NA
113;early;3;0;1;MF;SA;NA
113;early;4;2;0;MF;SA;NA
113;early;5;2;0;MF;SA;NA
114;early;1;2;1;MF;SA;NA
114;early;2;2;0;MF;SA;NA
114;early;3;0;0;MF;SA;NA
114;early;4;2;0;MF;SA;NA
114;early;5;2;0;MF;SA;NA
114;early;1;0;0;MF;SA;NA
114;early;2;2;0;MF;SA;NA
114;early;3;2;0;MF;SA;NA
114;early;4;2;0;MF;SA;NA
114;early;5;2;0;MF;SA;NA
50;early;1;0;0;MH;OO;NA
50;early;2;0;1;MH;OO;NA
50;early;3;0;0;MH;OO;NA
50;early;4;0;1;MH;OO;NA
50;early;5;0;0;MH;OO;NA
49;early;1;0;0;MH;OO;NA
49;early;2;0;0;MH;OO;NA
49;early;3;0;1;MH;OO;NA
49;early;4;0;1;MH;OO;NA
49;early;5;0;1;MH;OO;NA
48;early;1;1;0;MH;OO;NA
48;early;2;2;0;MH;OO;NA
48;early;3;2;0;MH;OO;NA
48;early;4;0;0;MH;OO;NA
48;early;5;2;0;MH;OO;NA
47;early;1;2;0;MH;OO;NA
47;early;2;2;0;MH;OO;NA
47;early;3;2;0;MH;OO;NA
47;early;4;2;0;MH;OO;NA
46;early;1;0;0;MH;OO;NA
46;early;2;2;0;MH;OO;NA
46;early;3;2;0;MH;OO;NA
46;early;4;2;0;MH;OO;NA
46;early;5;2;0;MH;OO;NA
30;early;1;2;0;MH;OO;NA
30;early;2;0;0;MH;OO;NA
30;early;3;2;0;MH;OO;NA
30;early;4;2;0;MH;OO;NA
30;early;5;2;0;MH;OO;NA
27;early;1;2;0;MH;OO;NA
27;early;2;2;0;MH;OO;NA
27;early;3;2;0;MH;OO;NA
27;early;4;2;0;MH;OO;NA
27;early;5;2;0;MH;OO;NA
39;early;1;2;0;MH;OO;NA
39;early;2;2;0;MH;OO;NA
39;early;3;2;0;MH;OO;NA
39;early;4;2;0;MH;OO;NA
39;early;5;2;0;MH;OO;NA
40;early;1;2;0;MH;OO;NA
40;early;2;2;0;MH;OO;NA
40;early;3;2;0;MH;OO;NA
40;early;4;2;0;MH;OO;NA
40;early;5;2;0;MH;OO;NA
38;early;1;2;0;MH;OO;NA
38;early;2;2;0;MH;OO;NA
38;early;3;2;0;MH;OO;NA
38;early;4;2;0;MH;OO;NA
38;early;5;2;0;MH;OO;NA
37;early;1;2;1;MH;OO;NA
37;early;2;2;0;MH;OO;NA
37;early;3;2;0;MH;OO;NA
37;early;4;2;0;MH;OO;NA
37;early;5;2;0;MH;OO;NA
31;early;1;2;1;MH;OO;NA
31;early;2;0;1;MH;OO;NA
31;early;3;2;0;MH;OO;NA
31;early;4;0;0;MH;OO;NA
31;early;5;2;0;MH;OO;NA
32;early;1;2;0;MH;OO;NA
32;early;2;2;0;MH;OO;NA
32;early;3;0;0;MH;OO;NA
32;early;4;2;0;MH;OO;NA
32;early;5;2;0;MH;OO;NA
33;early;1;2;0;MH;OO;NA
33;early;2;2;0;MH;OO;NA
33;early;3;2;0;MH;OO;NA
33;early;4;2;0;MH;OO;NA
33;early;5;2;0;MH;OO;NA
23;early;1;2;1;MH;OO;NA
23;early;2;0;1;MH;OO;NA
23;early;3;0;1;MH;OO;NA
23;early;4;0;0;MH;OO;NA
23;early;5;0;1;MH;OO;NA
24;early;1;0;0;MH;OO;NA
24;early;2;2;0;MH;OO;NA
24;early;3;2;0;MH;OO;NA
24;early;4;0;0;MH;OO;NA
24;early;5;2;0;MH;OO;NA
34;early;1;1;0;MH;OO;partly_eaten
34;early;2;2;0;MH;OO;partly_eaten
34;early;3;0;0;MH;OO;partly_eaten
34;early;4;2;0;MH;OO;partly_eaten
34;early;5;2;0;MH;OO;partly_eaten
35;early;1;2;0;MH;OO;NA
35;early;2;0;1;MH;OO;NA
35;early;3;2;0;MH;OO;NA
35;early;4;2;0;MH;OO;NA
35;early;5;2;0;MH;OO;NA
45;early;1;0;1;MH;OO;litle_pollen
45;early;2;2;0;MH;OO;NA
45;early;3;2;0;MH;OO;NA
45;early;4;0;0;MH;OO;NA
45;early;5;0;1;MH;OO;NA
36;early;1;0;0;MH;OO;NA
36;early;2;0;0;MH;OO;NA
36;early;3;2;0;MH;OO;NA
36;early;4;0;1;MH;OO;NA
36;early;5;2;0;MH;OO;NA
42;early;1;2;0;MH;OO;NA
42;early;2;2;1;MH;OO;NA
42;early;3;0;1;MH;OO;NA
42;early;4;0;1;MH;OO;NA
42;early;5;2;0;MH;OO;NA
43;early;1;2;0;MH;OO;NA
43;early;2;2;0;MH;OO;NA
43;early;3;2;0;MH;OO;NA
43;early;4;2;0;MH;OO;NA
43;early;5;2;0;MH;OO;NA
44;early;1;1;0;MH;OO;NA
44;early;2;1;0;MH;OO;NA
44;early;3;0;0;MH;OO;NA
44;early;4;0;1;MH;OO;NA
44;early;5;0;0;MH;OO;NA
25;early;1;2;0;MH;OO;partly_eaten
25;early;2;2;0;MH;OO;partly_eaten
25;early;3;2;0;MH;OO;partly_eaten
25;early;4;2;0;MH;OO;partly_eaten
25;early;5;2;0;MH;OO;partly_eaten
26;early;1;0;1;MH;OO;NA
26;early;2;0;0;MH;OO;NA
26;early;3;0;1;MH;OO;NA
26;early;4;0;1;MH;OO;NA
26;early;5;0;1;MH;OO;NA
29;early;1;0;0;MH;OO;wilted
29;early;2;0;0;MH;OO;wilted
29;early;3;0;0;MH;OO;wilted
29;early;4;2;0;MH;OO;wilted
29;early;5;2;0;MH;OO;wilted
55;early;1;2;0;HL;BB;Leaning
55;early;2;1;0;HL;BB;Leaning
55;early;3;2;0;HL;BB;Leaning
55;early;4;1;0;HL;BB;Leaning
55;early;5;2;0;HL;BB;Leaning
56;early;1;2;0;HL;BB;Leaning
56;early;2;2;0;HL;BB;Leaning
56;early;3;2;0;HL;BB;Leaning
56;early;4;0;0;HL;BB;Leaning
56;early;5;2;0;HL;BB;Leaning
57;early;1;2;0;HL;BB;NA
57;early;2;2;0;HL;BB;NA
57;early;3;2;0;HL;BB;NA
57;early;4;2;0;HL;BB;NA
57;early;5;2;1;HL;BB;NA
58;early;1;0;0;HL;BB;NA
58;early;2;2;0;HL;BB;NA
58;early;3;2;0;HL;BB;NA
58;early;4;2;0;HL;BB;NA
58;early;5;2;0;HL;BB;NA
59;early;1;2;0;HL;BB;Leaning
60;early;1;0;0;HL;BB;Leaning
60;early;2;0;0;HL;BB;Leaning,_seems_to_be_eaten.
61;early;1;2;0;HL;BB;"""0""_means_no_pollen_on_stigma;_""1""_means_that_there_is_a_pollenaria_on_stigma."
62;early;1;0;0;HL;BB;Leaning
62;early;2;2;0;HL;BB;Leaning
62;early;3;0;0;HL;BB;Leaning
62;early;4;2;0;HL;BB;Leaning
62;early;5;2;0;HL;BB;Leaning
63;early;1;0;0;HL;BB;NA
63;early;2;0;1;HL;BB;NA
63;early;3;2;0;HL;BB;NA
63;early;4;2;0;HL;BB;NA
63;early;5;0;0;HL;BB;NA
64;early;1;0;0;HL;BB;Leaning
64;early;2;0;0;HL;BB;Leaning
64;early;3;2;0;HL;BB;Leaning
65;early;1;2;0;HL;BB;Leaning
66;early;1;0;0;HL;BB;Leaning
66;early;2;0;0;HL;BB;Leaning
66;early;3;0;0;HL;BB;Leaning
66;early;4;0;0;HL;BB;Leaning
66;early;5;1;0;HL;BB;Leaning
67;early;1;2;0;HL;BB;Leaning
67;early;2;2;0;HL;BB;Leaning
67;early;3;1;0;HL;BB;Leaning
67;early;4;2;0;HL;BB;Leaning
68;early;1;1;1;HL;BB;Leaning
69;early;1;0;0;HL;BB;Leaning
69;early;2;0;0;HL;BB;Leaning
69;early;3;0;0;HL;BB;Leaning
71;early;1;0;0;HL;BB;Leaning
71;early;2;0;0;HL;BB;Leaning
75;early;1;2;0;HL;BB;NA
75;early;2;0;0;HL;BB;NA
75;early;3;0;0;HL;BB;NA
75;early;4;0;0;HL;BB;NA
75;early;5;0;0;HL;BB;NA
77;early;1;0;0;HL;BB;NA
77;early;2;0;0;HL;BB;NA
77;early;3;0;0;HL;BB;NA
77;early;4;0;1;HL;BB;NA
77;early;5;0;0;HL;BB;NA
22;early;1;0;1;CR;OC;NA
22;early;2;0;0;CR;OC;
22;early;3;1;1;CR;OC;
22;early;4;2;0;CR;OC;
22;early;5;2;0;CR;OC;
51;early;1;2;0;CR;OC;
51;early;2;2;0;CR;OC;
51;early;3;2;0;CR;OC;
51;early;4;2;0;CR;OC;
51;early;5;2;0;CR;OC;
52;early;1;0;1;CR;OC;
52;early;2;1;1;CR;OC;
52;early;3;0;1;CR;OC;
52;early;4;0;0;CR;OC;
52;early;5;2;0;CR;OC;
53;early;1;2;0;CR;OC;
53;early;2;2;0;CR;OC;
53;early;3;2;0;CR;OC;
53;early;4;2;0;CR;OC;only_4_open
54;early;1;1;0;CR;OC;
54;early;2;2;0;CR;OC;
54;early;3;0;1;CR;OC;
54;early;4;0;0;CR;OC;
54;early;5;0;0;CR;OC;
73;early;1;0;1;CR;OC;
73;early;2;2;1;CR;OC;
73;early;3;0;1;CR;OC;
73;early;4;0;1;CR;OC;
73;early;5;0;1;CR;OC;
74;early;1;2;1;CR;OC;
74;early;2;2;0;CR;OC;
74;early;3;2;0;CR;OC;
74;early;4;2;1;CR;OC;
74;early;5;2;1;CR;OC;
76;early;1;0;1;CR;OC;
76;early;2;0;0;CR;OC;
76;early;3;0;0;CR;OC;
76;early;4;2;0;CR;OC;
76;early;5;0;0;CR;OC;
78;early;1;0;0;CR;OC;
78;early;2;0;0;CR;OC;
78;early;3;0;0;CR;OC;
78;early;4;0;1;CR;OC;
78;early;5;0;0;CR;OC;
90;early;1;0;0;CR;OC;
90;early;2;2;0;CR;OC;
90;early;3;2;0;CR;OC;
90;early;4;1;1;CR;OC;
90;early;5;2;0;CR;OC;
91;early;1;0;1;CR;OC;
91;early;2;2;0;CR;OC;
91;early;3;0;0;CR;OC;
91;early;4;2;0;CR;OC;
91;early;5;2;0;CR;OC;
92;early;1;2;0;CR;OC;
92;early;2;2;0;CR;OC;
92;early;3;2;0;CR;OC;
92;early;4;2;0;CR;OC;only_4_open
93;early;1;2;0;CR;OC;
93;early;2;2;0;CR;OC;
93;early;3;2;0;CR;OC;
93;early;4;2;0;CR;OC;
93;early;5;2;0;CR;OC;
94;early;1;2;0;CR;OC;
94;early;2;2;0;CR;OC;
94;early;3;2;0;CR;OC;
94;early;4;2;0;CR;OC;
94;early;5;2;0;CR;OC;
95;early;1;0;0;CR;OC;
95;early;2;2;0;CR;OC;
95;early;3;0;0;CR;OC;
95;early;4;0;0;CR;OC;
95;early;5;2;0;CR;OC;
96;early;1;2;0;CR;OC;
96;early;2;0;0;CR;OC;
96;early;3;2;0;CR;OC;
96;early;4;2;0;CR;OC;
96;early;5;2;0;CR;OC;
115;late;1;2;0;NA;NA;NA
115;late;2;2;0;NA;NA;NA
115;late;3;2;0;NA;NA;NA
115;late;4;2;0;NA;NA;NA
115;late;5;2;0;NA;NA;NA
116;late;1;2;0;NA;NA;NA
116;late;2;2;0;NA;NA;NA
116;late;3;2;0;NA;NA;NA
116;late;4;0;0;NA;NA;NA
116;late;5;2;0;NA;NA;NA
117;late;1;2;0;NA;NA;NA
117;late;2;2;0;NA;NA;NA
117;late;3;0;0;NA;NA;NA
117;late;4;2;0;NA;NA;NA
117;late;5;2;0;NA;NA;NA
118;late;1;0;0;NA;NA;NA
118;late;2;0;0;NA;NA;NA
118;late;3;1;0;NA;NA;NA
118;late;4;2;0;NA;NA;NA
118;late;5;0;0;NA;NA;NA
119;late;1;2;0;NA;NA;NA
119;late;2;2;0;NA;NA;NA
119;late;3;2;0;NA;NA;NA
119;late;4;2;0;NA;NA;NA
119;late;5;2;0;NA;NA;NA
120;late;1;2;0;NA;NA;NA
120;late;2;2;0;NA;NA;NA
120;late;3;2;0;NA;NA;NA
120;late;4;NA;NA;NA;NA;NA
120;late;5;NA;NA;NA;NA;NA
121;late;1;2;0;NA;NA;NA
121;late;2;2;0;NA;NA;NA
121;late;3;2;0;NA;NA;NA
121;late;4;2;0;NA;NA;NA
121;late;5;2;0;NA;NA;NA
122;late;1;2;0;NA;NA;NA
122;late;2;2;0;NA;NA;NA
122;late;3;2;0;NA;NA;NA
122;late;4;2;0;NA;NA;NA
122;late;5;2;0;NA;NA;NA
123;late;1;0;0;NA;NA;NA
123;late;2;2;0;NA;NA;NA
123;late;3;0;0;NA;NA;NA
123;late;4;0;1;NA;NA;NA
123;late;5;1;0;NA;NA;NA
124;late;1;NA;NA;NA;NA;NA
124;late;2;NA;NA;NA;NA;NA
124;late;3;NA;NA;NA;NA;NA
124;late;4;NA;NA;NA;NA;NA
124;late;5;NA;NA;NA;NA;NA
125;late;1;2;0;NA;NA;NA
125;late;2;0;0;NA;NA;NA
125;late;3;0;0;NA;NA;NA
125;late;4;2;0;NA;NA;NA
125;late;5;2;1;NA;NA;NA
126;late;1;0;0;NA;NA;NA
126;late;2;2;0;NA;NA;NA
126;late;3;0;0;NA;NA;NA
126;late;4;2;0;NA;NA;NA
126;late;5;0;0;NA;NA;NA
127;late;1;1;0;NA;NA;NA
127;late;2;2;0;NA;NA;NA
127;late;3;0;0;NA;NA;NA
127;late;4;2;0;NA;NA;NA
127;late;5;2;0;NA;NA;NA
128;late;1;2;0;NA;NA;NA
128;late;2;0;0;NA;NA;NA
128;late;3;2;0;NA;NA;NA
128;late;4;0;0;NA;NA;NA
128;late;5;0;1;NA;NA;NA
129;late;1;2;0;NA;NA;NA
129;late;2;2;0;NA;NA;NA
129;late;3;2;0;NA;NA;NA
129;late;4;2;0;NA;NA;NA
129;late;5;2;0;NA;NA;NA
130;late;1;2;0;NA;NA;NA
130;late;2;2;0;NA;NA;NA
130;late;3;2;0;NA;NA;NA
130;late;4;1;1;NA;NA;NA
130;late;5;0;0;NA;NA;NA
131;late;1;1;0;NA;NA;NA
131;late;2;2;0;NA;NA;NA
131;late;3;2;0;NA;NA;NA
131;late;4;1;0;NA;NA;NA
131;late;5;2;0;NA;NA;NA
132;late;1;1;0;NA;NA;NA
132;late;2;1;1;NA;NA;NA
132;late;3;0;0;NA;NA;NA
132;late;4;2;0;NA;NA;NA
132;late;5;0;0;NA;NA;NA
133;late;1;2;0;NA;NA;NA
133;late;2;2;0;NA;NA;NA
133;late;3;2;0;NA;NA;NA
133;late;4;2;0;NA;NA;NA
133;late;5;2;0;NA;NA;NA
134;late;1;0;0;NA;NA;NA
134;late;2;2;0;NA;NA;NA
134;late;3;2;0;NA;NA;NA
134;late;4;0;0;NA;NA;NA
134;late;5;0;0;NA;NA;NA
135;late;1;0;0;NA;NA;NA
135;late;2;0;0;NA;NA;NA
135;late;3;2;0;NA;NA;NA
135;late;4;0;0;NA;NA;NA
135;late;5;2;0;NA;NA;NA
136;late;1;0;1;NA;NA;NA
136;late;2;0;1;NA;NA;NA
136;late;3;0;1;NA;NA;NA
136;late;4;2;0;NA;NA;NA
136;late;5;0;0;NA;NA;NA
137;late;1;2;0;NA;NA;NA
137;late;2;1;0;NA;NA;NA
137;late;3;2;0;NA;NA;NA
137;late;4;1;0;NA;NA;NA
137;late;5;2;0;NA;NA;NA
138;late;1;1;0;NA;NA;NA
138;late;2;2;0;NA;NA;NA
138;late;3;1;0;NA;NA;NA
138;late;4;2;1;NA;NA;NA
138;late;5;0;0;NA;NA;NA
139;late;1;0;0;NA;NA;NA
139;late;2;0;0;NA;NA;NA
139;late;3;0;0;NA;NA;NA
139;late;4;0;0;NA;NA;NA
139;late;5;1;0;NA;NA;NA
140;late;1;1;0;NA;NA;NA
140;late;2;2;0;NA;NA;NA
140;late;3;2;0;NA;NA;NA
140;late;4;0;0;NA;NA;NA
140;late;5;2;0;NA;NA;NA
141;late;1;0;0;NA;NA;NA
141;late;2;1;0;NA;NA;NA
141;late;3;0;0;NA;NA;NA
141;late;4;2;0;NA;NA;NA
141;late;5;2;1;NA;NA;NA
142;late;1;NA;NA;NA;NA;NA
142;late;2;NA;NA;NA;NA;NA
142;late;3;NA;NA;NA;NA;NA
142;late;4;NA;NA;NA;NA;NA
142;late;5;NA;NA;NA;NA;NA
143;late;1;2;1;NA;NA;NA
143;late;2;2;1;NA;NA;NA
143;late;3;1;0;NA;NA;NA
143;late;4;0;1;NA;NA;NA
143;late;5;2;0;NA;NA;NA
144;late;1;0;0;NA;NA;NA
144;late;2;2;0;NA;NA;NA
144;late;3;2;0;NA;NA;NA
144;late;4;2;0;NA;NA;NA
144;late;5;2;0;NA;NA;NA
145;late;1;1;0;NA;NA;NA
145;late;2;2;0;NA;NA;NA
145;late;3;2;0;NA;NA;NA
145;late;4;1;0;NA;NA;NA
145;late;5;2;0;NA;NA;NA
146;late;1;2;0;NA;NA;NA
146;late;2;2;0;NA;NA;NA
146;late;3;2;0;NA;NA;NA
146;late;4;0;0;NA;NA;NA
146;late;5;2;0;NA;NA;NA
147;late;1;0;0;NA;NA;NA
147;late;2;2;0;NA;NA;NA
147;late;3;2;0;NA;NA;NA
147;late;4;0;0;NA;NA;NA
147;late;5;2;0;NA;NA;NA
148;late;1;0;0;NA;NA;NA
148;late;2;1;0;NA;NA;NA
148;late;3;2;0;NA;NA;NA
148;late;4;2;0;NA;NA;NA
148;late;5;2;0;NA;NA;NA
149;late;1;2;0;NA;NA;NA
149;late;2;2;0;NA;NA;NA
149;late;3;2;0;NA;NA;NA
149;late;4;1;0;NA;NA;NA
149;late;5;1;0;NA;NA;NA
150;late;1;0;0;NA;NA;NA
150;late;2;1;0;NA;NA;NA
150;late;3;2;0;NA;NA;NA
150;late;4;0;0;NA;NA;NA
150;late;5;0;0;NA;NA;NA
151;late;1;1;0;NA;NA;NA
151;late;2;1;0;NA;NA;NA
151;late;3;1;0;NA;NA;NA
151;late;4;0;1;NA;NA;NA
151;late;5;2;0;NA;NA;NA
152;late;1;0;0;NA;NA;NA
152;late;2;1;1;NA;NA;NA
152;late;3;1;0;NA;NA;NA
152;late;4;0;0;NA;NA;NA
152;late;5;0;0;NA;NA;NA
153;late;1;0;0;NA;NA;NA
153;late;2;1;0;NA;NA;NA
153;late;3;0;0;NA;NA;NA
153;late;4;NA;NA;NA;NA;NA
153;late;5;NA;NA;NA;NA;NA
154;late;1;2;0;NA;NA;NA
154;late;2;0;0;NA;NA;NA
154;late;3;2;0;NA;NA;NA
154;late;4;2;0;NA;NA;NA
154;late;5;2;0;NA;NA;NA
155;late;1;0;0;NA;NA;NA
155;late;2;0;0;NA;NA;NA
155;late;3;0;0;NA;NA;NA
155;late;4;0;1;NA;NA;NA
155;late;5;0;1;NA;NA;NA
156;late;1;0;0;NA;NA;NA
156;late;2;1;1;NA;NA;NA
156;late;3;2;0;NA;NA;NA
156;late;4;0;0;NA;NA;NA
156;late;5;0;0;NA;NA;NA
157;late;1;1;0;NA;NA;NA
157;late;2;0;0;NA;NA;NA
157;late;3;2;0;NA;NA;NA
157;late;4;0;1;NA;NA;NA
157;late;5;0;0;NA;NA;NA
158;late;1;0;0;NA;NA;NA
158;late;2;0;0;NA;NA;NA
158;late;3;2;2;NA;NA;NA
158;late;4;0;0;NA;NA;NA
158;late;5;2;2;NA;NA;NA
159;late;1;2;0;NA;NA;NA
159;late;2;2;0;NA;NA;NA
159;late;3;2;0;NA;NA;NA
159;late;4;2;0;NA;NA;NA
159;late;5;2;0;NA;NA;NA
160;late;1;1;0;NA;NA;NA
160;late;2;1;0;NA;NA;NA
160;late;3;2;0;NA;NA;NA
160;late;4;2;0;NA;NA;NA
160;late;5;2;0;NA;NA;NA
161;late;1;2;0;NA;NA;NA
161;late;2;2;0;NA;NA;NA
161;late;3;2;0;NA;NA;NA
161;late;4;2;0;NA;NA;NA
161;late;5;2;0;NA;NA;NA
162;late;1;2;0;NA;NA;NA
162;late;2;2;0;NA;NA;NA
162;late;3;2;0;NA;NA;NA
162;late;4;2;0;NA;NA;NA
162;late;5;NA;NA;NA;NA;NA
163;late;1;1;0;NA;NA;NA
163;late;2;2;0;NA;NA;NA
163;late;3;0;0;NA;NA;NA
163;late;4;1;0;NA;NA;NA
163;late;5;2;0;NA;NA;NA
164;late;1;2;0;NA;NA;NA
164;late;2;0;0;NA;NA;NA
164;late;3;2;0;NA;NA;NA
164;late;4;0;0;NA;NA;NA
164;late;5;2;0;NA;NA;NA
165;late;1;0;0;NA;NA;NA
165;late;2;2;0;NA;NA;NA
165;late;3;2;0;NA;NA;NA
165;late;4;0;0;NA;NA;NA
165;late;5;2;0;NA;NA;NA
166;late;1;0;0;NA;NA;NA
166;late;2;2;0;NA;NA;NA
166;late;3;0;0;NA;NA;NA
166;late;4;0;1;NA;NA;NA
166;late;5;0;0;NA;NA;NA
167;late;1;0;0;NA;NA;NA
167;late;2;0;0;NA;NA;NA
167;late;3;2;0;NA;NA;NA
167;late;4;2;0;NA;NA;NA
167;late;5;0;0;NA;NA;NA
168;late;1;2;0;NA;NA;NA
168;late;2;2;0;NA;NA;NA
168;late;3;2;0;NA;NA;NA
168;late;4;2;0;NA;NA;NA
168;late;5;2;0;NA;NA;NA
169;late;1;2;0;NA;NA;NA
169;late;2;0;0;NA;NA;NA
169;late;3;0;0;NA;NA;NA
169;late;4;0;0;NA;NA;NA
169;late;5;0;1;NA;NA;NA
170;late;1;0;0;NA;NA;NA
170;late;2;0;0;NA;NA;NA
170;late;3;0;0;NA;NA;NA
170;late;4;NA;NA;NA;NA;NA
170;late;5;NA;NA;NA;NA;NA
171;late;1;0;0;NA;NA;NA
171;late;2;1;0;NA;NA;NA
171;late;3;2;0;NA;NA;NA
171;late;4;2;0;NA;NA;NA
171;late;5;2;0;NA;NA;NA
172;late;1;2;0;NA;NA;NA
172;late;2;0;0;NA;NA;NA
172;late;3;0;1;NA;NA;NA
172;late;4;0;1;NA;NA;NA
172;late;5;0;1;NA;NA;NA
173;late;1;2;0;NA;NA;NA
173;late;2;2;0;NA;NA;NA
173;late;3;0;0;NA;NA;NA
173;late;4;NA;NA;NA;NA;NA
173;late;5;NA;NA;NA;NA;NA
174;late;1;1;0;NA;NA;NA
174;late;2;1;0;NA;NA;NA
174;late;3;0;0;NA;NA;NA
174;late;4;2;0;NA;NA;NA
174;late;5;1;0;NA;NA;NA
175;late;1;1;0;NA;NA;NA
175;late;2;2;0;NA;NA;NA
175;late;3;2;0;NA;NA;NA
175;late;4;2;0;NA;NA;NA
175;late;5;2;0;NA;NA;NA
176;late;1;NA;NA;NA;NA;NA
176;late;2;NA;NA;NA;NA;NA
176;late;3;NA;NA;NA;NA;NA
176;late;4;NA;NA;NA;NA;NA
176;late;5;NA;NA;NA;NA;NA
177;late;1;2;0;NA;NA;NA
177;late;2;2;0;NA;NA;NA
177;late;3;2;0;NA;NA;NA
177;late;4;2;0;NA;NA;NA
177;late;5;2;0;NA;NA;NA
178;late;1;0;0;NA;NA;NA
178;late;2;0;0;NA;NA;NA
178;late;3;0;0;NA;NA;NA
178;late;4;0;0;NA;NA;NA
178;late;5;0;0;NA;NA;NA
179;late;1;1;0;NA;NA;NA
179;late;2;2;0;NA;NA;NA
179;late;3;2;0;NA;NA;NA
179;late;4;2;0;NA;NA;NA
179;late;5;2;0;NA;NA;NA
180;late;1;1;0;NA;NA;NA
180;late;2;0;0;NA;NA;NA
180;late;3;0;0;NA;NA;NA
180;late;4;0;0;NA;NA;NA
180;late;5;2;0;NA;NA;NA
181;late;1;0;0;NA;NA;NA
181;late;2;1;0;NA;NA;NA
181;late;3;1;0;NA;NA;NA
181;late;4;1;0;NA;NA;NA
181;late;5;2;0;NA;NA;NA
182;late;1;0;0;NA;NA;NA
182;late;2;0;0;NA;NA;NA
182;late;3;1;0;NA;NA;NA
182;late;4;0;0;NA;NA;NA
182;late;5;2;0;NA;NA;NA
183;late;1;NA;NA;NA;NA;NA
183;late;2;NA;NA;NA;NA;NA
183;late;3;NA;NA;NA;NA;NA
183;late;4;NA;NA;NA;NA;NA
183;late;5;NA;NA;NA;NA;NA
184;late;1;NA;NA;NA;NA;NA
184;late;2;NA;NA;NA;NA;NA
184;late;3;NA;NA;NA;NA;NA
184;late;4;NA;NA;NA;NA;NA
184;late;5;NA;NA;NA;NA;NA
185;late;1;NA;NA;NA;NA;NA
185;late;2;NA;NA;NA;NA;NA
185;late;3;NA;NA;NA;NA;NA
185;late;4;NA;NA;NA;NA;NA
185;late;5;NA;NA;NA;NA;NA
186;late;1;0;0;NA;NA;NA
186;late;2;0;0;NA;NA;NA
186;late;3;0;0;NA;NA;NA
186;late;4;0;0;NA;NA;NA
186;late;5;1;0;NA;NA;NA
187;late;1;0;0;NA;NA;NA
187;late;2;1;0;NA;NA;NA
187;late;3;0;0;NA;NA;NA
187;late;4;2;0;NA;NA;NA
187;late;5;2;0;NA;NA;NA
188;late;1;0;0;NA;NA;NA
188;late;2;0;0;NA;NA;NA
188;late;3;2;0;NA;NA;NA
188;late;4;0;1;NA;NA;NA
188;late;5;0;1;NA;NA;NA
189;late;1;0;0;NA;NA;NA
189;late;2;2;0;NA;NA;NA
189;late;3;0;0;NA;NA;NA
189;late;4;2;0;NA;NA;NA
189;late;5;2;0;NA;NA;NA
190;late;1;0;0;NA;NA;NA
190;late;2;2;0;NA;NA;NA
190;late;3;2;0;NA;NA;NA
190;late;4;2;0;NA;NA;NA
190;late;5;2;0;NA;NA;NA
191;late;1;0;0;NA;NA;NA
191;late;2;0;0;NA;NA;NA
191;late;3;0;1;NA;NA;NA
191;late;4;0;1;NA;NA;NA
191;late;5;0;0;NA;NA;NA
192;late;1;1;0;NA;NA;NA
192;late;2;2;0;NA;NA;NA
192;late;3;2;0;NA;NA;NA
192;late;4;2;0;NA;NA;NA
192;late;5;NA;NA;NA;NA;NA
193;late;1;2;0;NA;NA;NA
193;late;2;2;0;NA;NA;NA
193;late;3;2;0;NA;NA;NA
193;late;4;2;0;NA;NA;NA
193;late;5;2;0;NA;NA;NA
194;late;1;1;1;NA;NA;NA
194;late;2;1;1;NA;NA;NA
194;late;3;2;0;NA;NA;NA
194;late;4;2;0;NA;NA;NA
194;late;5;2;1;NA;NA;NA
195;late;1;2;0;NA;NA;NA
195;late;2;0;0;NA;NA;NA
195;late;3;2;0;NA;NA;NA
195;late;4;2;0;NA;NA;NA
195;late;5;0;0;NA;NA;NA
196;late;1;1;1;NA;NA;NA
196;late;2;2;0;NA;NA;NA
196;late;3;0;1;NA;NA;NA
196;late;4;2;0;NA;NA;NA
196;late;5;1;0;NA;NA;NA
197;late;1;0;0;NA;NA;NA
197;late;2;0;0;NA;NA;NA
197;late;3;0;0;NA;NA;NA
197;late;4;2;0;NA;NA;NA
197;late;5;2;0;NA;NA;NA
198;late;1;2;0;NA;NA;NA
198;late;2;2;0;NA;NA;NA
198;late;3;2;0;NA;NA;NA
198;late;4;0;0;NA;NA;NA
198;late;5;2;0;NA;NA;NA
199;late;1;2;0;NA;NA;NA
199;late;2;2;0;NA;NA;NA
199;late;3;2;0;NA;NA;NA
199;late;4;2;0;NA;NA;NA
199;late;5;2;0;NA;NA;NA
200;late;1;2;0;NA;NA;NA
200;late;2;2;0;NA;NA;NA
200;late;3;2;0;NA;NA;NA
200;late;4;2;0;NA;NA;NA
200;late;5;2;0;NA;NA;NA
201;late;1;0;0;NA;NA;NA
201;late;2;2;0;NA;NA;NA
201;late;3;0;0;NA;NA;NA
201;late;4;2;0;NA;NA;NA
201;late;5;2;0;NA;NA;NA
202;late;1;0;1;NA;NA;NA
202;late;2;2;1;NA;NA;NA
202;late;3;0;1;NA;NA;NA
202;late;4;0;0;NA;NA;NA
202;late;5;0;0;NA;NA;NA
203;late;1;1;0;NA;NA;NA
203;late;2;2;0;NA;NA;NA
203;late;3;0;0;NA;NA;NA
203;late;4;0;0;NA;NA;NA
203;late;5;0;0;NA;NA;NA
204;late;1;0;0;NA;NA;NA
204;late;2;0;1;NA;NA;NA
204;late;3;1;0;NA;NA;NA
204;late;4;2;0;NA;NA;NA
204;late;5;2;0;NA;NA;NA
205;late;1;1;0;NA;NA;NA
205;late;2;2;0;NA;NA;NA
205;late;3;0;0;NA;NA;NA
205;late;4;0;0;NA;NA;NA
205;late;5;2;0;NA;NA;NA
206;late;1;2;0;NA;NA;NA
206;late;2;2;0;NA;NA;NA
206;late;3;0;0;NA;NA;NA
206;late;4;2;0;NA;NA;NA
206;late;5;0;0;NA;NA;NA
207;late;1;NA;NA;NA;NA;NA
207;late;2;NA;NA;NA;NA;NA
207;late;3;NA;NA;NA;NA;NA
207;late;4;NA;NA;NA;NA;NA
207;late;5;NA;NA;NA;NA;NA
208;late;1;2;0;NA;NA;NA
208;late;2;0;0;NA;NA;NA
208;late;3;2;0;NA;NA;NA
208;late;4;2;0;NA;NA;NA
208;late;5;2;0;NA;NA;NA
209;late;1;2;0;NA;NA;NA
209;late;2;2;0;NA;NA;NA
209;late;3;2;0;NA;NA;NA
209;late;4;2;0;NA;NA;NA
209;late;5;2;0;NA;NA;NA
210;late;1;2;0;NA;NA;NA
210;late;2;0;0;NA;NA;NA
210;late;3;0;0;NA;NA;NA
210;late;4;2;0;NA;NA;NA
210;late;5;2;0;NA;NA;NA
211;late;1;NA;NA;NA;NA;NA
211;late;2;NA;NA;NA;NA;NA
211;late;3;NA;NA;NA;NA;NA
211;late;4;NA;NA;NA;NA;NA
211;late;5;NA;NA;NA;NA;NA
212;late;1;0;0;NA;NA;NA
212;late;2;2;0;NA;NA;NA
212;late;3;0;0;NA;NA;NA
212;late;4;0;0;NA;NA;NA
212;late;5;NA;NA;NA;NA;NA
213;late;1;0;0;NA;NA;NA
213;late;2;0;0;NA;NA;NA
213;late;3;0;0;NA;NA;NA
213;late;4;1;0;NA;NA;NA
213;late;5;2;0;NA;NA;NA
214;late;1;0;0;NA;NA;NA
214;late;2;0;0;NA;NA;NA
214;late;3;2;0;NA;NA;NA
214;late;4;0;0;NA;NA;NA
214;late;5;2;0;NA;NA;NA
215;late;1;0;0;NA;NA;NA
215;late;2;0;0;NA;NA;NA
215;late;3;0;1;NA;NA;NA
215;late;4;2;0;NA;NA;NA
215;late;5;0;0;NA;NA;NA
216;late;1;0;0;NA;NA;NA
216;late;2;0;0;NA;NA;NA
216;late;3;2;0;NA;NA;NA
216;late;4;2;0;NA;NA;NA
216;late;5;2;0;NA;NA;NA
217;late;1;1;0;NA;NA;NA
217;late;2;0;0;NA;NA;NA
217;late;3;0;0;NA;NA;NA
217;late;4;2;0;NA;NA;NA
217;late;5;0;0;NA;NA;NA
218;late;1;2;0;NA;NA;NA
218;late;2;0;0;NA;NA;NA
218;late;3;2;0;NA;NA;NA
218;late;4;1;0;NA;NA;NA
218;late;5;2;0;NA;NA;NA
219;late;1;2;0;NA;NA;NA
219;late;2;0;0;NA;NA;NA
219;late;3;2;1;NA;NA;NA
219;late;4;0;0;NA;NA;NA
219;late;5;0;0;NA;NA;NA
220;late;1;2;0;NA;NA;NA
220;late;2;2;0;NA;NA;NA
220;late;3;2;0;NA;NA;NA
220;late;4;1;1;NA;NA;NA
220;late;5;2;0;NA;NA;NA
221;late;1;2;0;NA;NA;NA
221;late;2;2;0;NA;NA;NA
221;late;3;2;0;NA;NA;NA
221;late;4;2;0;NA;NA;NA
221;late;5;2;0;NA;NA;NA
222;late;1;2;1;NA;NA;NA
222;late;2;2;0;NA;NA;NA
222;late;3;2;0;NA;NA;NA
222;late;4;2;0;NA;NA;NA
222;late;5;2;1;NA;NA;NA
223;late;1;2;0;NA;NA;NA
223;late;2;0;0;NA;NA;NA
223;late;3;2;0;NA;NA;NA
223;late;4;2;0;NA;NA;NA
223;late;5;0;0;NA;NA;NA
224;late;1;2;1;NA;NA;NA
224;late;2;0;0;NA;NA;NA
224;late;3;0;0;NA;NA;NA
224;late;4;2;0;NA;NA;NA
224;late;5;0;0;NA;NA;NA
225;late;1;2;0;NA;NA;NA
225;late;2;2;0;NA;NA;NA
225;late;3;0;0;NA;NA;NA
225;late;4;0;1;NA;NA;NA
225;late;5;0;1;NA;NA;NA
226;late;1;1;0;NA;NA;NA
226;late;2;2;0;NA;NA;NA
226;late;3;NA;NA;NA;NA;NA
226;late;4;NA;NA;NA;NA;NA
226;late;5;NA;NA;NA;NA;NA
227;late;1;NA;NA;NA;NA;NA
227;late;2;NA;NA;NA;NA;NA
227;late;3;NA;NA;NA;NA;NA
227;late;4;NA;NA;NA;NA;NA
227;late;5;NA;NA;NA;NA;NA
228;late;1;NA;NA;NA;NA;NA
228;late;2;NA;NA;NA;NA;NA
228;late;3;NA;NA;NA;NA;NA
228;late;4;NA;NA;NA;NA;NA
228;late;5;NA;NA;NA;NA;NA
229;late;1;0;0;NA;NA;NA
229;late;2;0;0;NA;NA;NA
229;late;3;0;0;NA;NA;NA
229;late;4;1;0;NA;NA;NA
229;late;5;1;0;NA;NA;NA
230;late;1;2;1;NA;NA;NA
230;late;2;2;0;NA;NA;NA
230;late;3;2;1;NA;NA;NA
230;late;4;2;0;NA;NA;NA
230;late;5;2;0;NA;NA;NA
231;late;1;2;0;NA;NA;NA
231;late;2;2;0;NA;NA;NA
231;late;3;2;0;NA;NA;NA
231;late;4;2;0;NA;NA;NA
231;late;5;2;0;NA;NA;NA
232;late;1;2;0;NA;NA;NA
232;late;2;1;0;NA;NA;NA
232;late;3;2;0;NA;NA;NA
232;late;4;2;0;NA;NA;NA
232;late;5;0;0;NA;NA;NA
233;late;1;NA;NA;NA;NA;NA
233;late;2;NA;NA;NA;NA;NA
233;late;3;NA;NA;NA;NA;NA
233;late;4;NA;NA;NA;NA;NA
233;late;5;NA;NA;NA;NA;NA
234;late;1;2;0;NA;NA;NA
234;late;2;1;0;NA;NA;NA
234;late;3;0;0;NA;NA;NA
234;late;4;2;0;NA;NA;NA
234;late;5;2;0;NA;NA;NA
235;late;1;2;1;NA;NA;NA
235;late;2;2;0;NA;NA;NA
235;late;3;2;0;NA;NA;NA
235;late;4;2;0;NA;NA;NA
235;late;5;2;0;NA;NA;NA
236;late;1;1;0;NA;NA;NA
236;late;2;2;0;NA;NA;NA
236;late;3;2;0;NA;NA;NA
236;late;4;2;0;NA;NA;NA
236;late;5;2;0;NA;NA;NA
237;late;1;2;0;NA;NA;NA
237;late;2;2;0;NA;NA;NA
237;late;3;2;0;NA;NA;NA
237;late;4;2;0;NA;NA;NA
237;late;5;2;0;NA;NA;NA
238;late;1;NA;NA;NA;NA;NA
238;late;2;NA;NA;NA;NA;NA
238;late;3;NA;NA;NA;NA;NA
238;late;4;NA;NA;NA;NA;NA
238;late;5;NA;NA;NA;NA;NA
239;late;1;1;0;NA;NA;NA
239;late;2;1;0;NA;NA;NA
239;late;3;2;0;NA;NA;NA
239;late;4;2;0;NA;NA;NA
239;late;5;2;0;NA;NA;NA
240;late;1;2;0;NA;NA;NA
240;late;2;0;0;NA;NA;NA
240;late;3;2;0;NA;NA;NA
240;late;4;2;0;NA;NA;NA
240;late;5;2;0;NA;NA;NA
241;late;1;2;0;NA;NA;NA
241;late;2;0;0;NA;NA;NA
241;late;3;2;0;NA;NA;NA
241;late;4;2;0;NA;NA;NA
241;late;5;2;1;NA;NA;NA
242;late;1;1;0;NA;NA;NA
242;late;2;1;0;NA;NA;NA
242;late;3;2;0;NA;NA;NA
242;late;4;0;0;NA;NA;NA
242;late;5;0;0;NA;NA;NA
243;late;1;2;0;NA;NA;NA
243;late;2;2;0;NA;NA;NA
243;late;3;NA;NA;NA;NA;NA
243;late;4;NA;NA;NA;NA;NA
243;late;5;NA;NA;NA;NA;NA
244;late;1;0;0;NA;NA;NA
244;late;2;0;0;NA;NA;NA
244;late;3;2;0;NA;NA;NA
244;late;4;0;0;NA;NA;NA
244;late;5;2;0;NA;NA;NA
245;late;1;2;0;NA;NA;NA
245;late;2;2;0;NA;NA;NA
245;late;3;2;0;NA;NA;NA
245;late;4;2;0;NA;NA;NA
245;late;5;2;0;NA;NA;NA
246;late;1;1;0;NA;NA;NA
246;late;2;0;0;NA;NA;NA
246;late;3;2;0;NA;NA;NA
246;late;4;2;0;NA;NA;NA
246;late;5;2;0;NA;NA;NA
247;late;1;0;1;NA;NA;NA
247;late;2;2;0;NA;NA;NA
247;late;3;1;1;NA;NA;NA
247;late;4;2;0;NA;NA;NA
247;late;5;2;0;NA;NA;NA
248;late;1;2;0;NA;NA;NA
248;late;2;2;0;NA;NA;NA
248;late;3;2;0;NA;NA;NA
248;late;4;0;0;NA;NA;NA
248;late;5;0;0;NA;NA;NA
249;late;1;2;0;NA;NA;NA
249;late;2;2;0;NA;NA;NA
249;late;3;0;0;NA;NA;NA
249;late;4;0;0;NA;NA;NA
249;late;5;1;0;NA;NA;NA
250;late;1;NA;NA;NA;NA;NA
250;late;2;NA;NA;NA;NA;NA
250;late;3;NA;NA;NA;NA;NA
250;late;4;NA;NA;NA;NA;NA
250;late;5;NA;NA;NA;NA;NA
251;late;1;0;0;NA;NA;NA
251;late;2;0;0;NA;NA;NA
251;late;3;2;0;NA;NA;NA
251;late;4;1;0;NA;NA;NA
251;late;5;0;0;NA;NA;NA
252;late;1;1;0;NA;NA;NA
252;late;2;2;1;NA;NA;NA
252;late;3;2;0;NA;NA;NA
252;late;4;2;0;NA;NA;NA
252;late;5;2;0;NA;NA;NA
253;late;1;NA;NA;NA;NA;NA
253;late;2;NA;NA;NA;NA;NA
253;late;3;NA;NA;NA;NA;NA
253;late;4;NA;NA;NA;NA;NA
253;late;5;NA;NA;NA;NA;NA
254;late;1;1;0;NA;NA;NA
254;late;2;2;0;NA;NA;NA
254;late;3;0;0;NA;NA;NA
254;late;4;0;0;NA;NA;NA
254;late;5;2;0;NA;NA;NA
255;late;1;2;0;NA;NA;NA
255;late;2;2;0;NA;NA;NA
255;late;3;2;0;NA;NA;NA
255;late;4;2;0;NA;NA;NA
255;late;5;2;0;NA;NA;NA
256;late;1;2;0;NA;NA;NA
256;late;2;0;0;NA;NA;NA
256;late;3;2;0;NA;NA;NA
256;late;4;0;0;NA;NA;NA
256;late;5;1;0;NA;NA;NA
257;late;1;2;0;NA;NA;NA
257;late;2;2;0;NA;NA;NA
257;late;3;1;0;NA;NA;NA
257;late;4;2;0;NA;NA;NA
257;late;5;2;0;NA;NA;NA
258;late;1;NA;NA;NA;NA;NA
258;late;2;NA;NA;NA;NA;NA
258;late;3;NA;NA;NA;NA;NA
258;late;4;NA;NA;NA;NA;NA
258;late;5;NA;NA;NA;NA;NA
259;late;1;NA;NA;NA;NA;NA
259;late;2;NA;NA;NA;NA;NA
259;late;3;NA;NA;NA;NA;NA
259;late;4;NA;NA;NA;NA;NA
259;late;5;NA;NA;NA;NA;NA
260;late;1;NA;NA;NA;NA;NA
260;late;2;NA;NA;NA;NA;NA
260;late;3;NA;NA;NA;NA;NA
260;late;4;NA;NA;NA;NA;NA
260;late;5;NA;NA;NA;NA;NA
261;late;1;NA;NA;NA;NA;NA
261;late;2;NA;NA;NA;NA;NA
261;late;3;NA;NA;NA;NA;NA
261;late;4;NA;NA;NA;NA;NA
261;late;5;NA;NA;NA;NA;NA
262;late;1;0;0;NA;NA;NA
262;late;2;2;0;NA;NA;NA
262;late;3;2;0;NA;NA;NA
262;late;4;2;0;NA;NA;NA
262;late;5;2;0;NA;NA;NA
263;late;1;2;0;NA;NA;NA
263;late;2;1;0;NA;NA;NA
263;late;3;2;0;NA;NA;NA
263;late;4;0;0;NA;NA;NA
263;late;5;1;0;NA;NA;NA
264;late;1;0;0;NA;NA;NA
264;late;2;2;0;NA;NA;NA
264;late;3;1;0;NA;NA;NA
264;late;4;2;0;NA;NA;NA
264;late;5;2;0;NA;NA;NA
265;late;1;NA;NA;NA;NA;NA
265;late;2;NA;NA;NA;NA;NA
265;late;3;NA;NA;NA;NA;NA
265;late;4;NA;NA;NA;NA;NA
265;late;5;NA;NA;NA;NA;NA
266;late;1;NA;NA;NA;NA;NA
266;late;2;NA;NA;NA;NA;NA
266;late;3;NA;NA;NA;NA;NA
266;late;4;NA;NA;NA;NA;NA
266;late;5;NA;NA;NA;NA;NA
267;late;1;NA;NA;NA;NA;NA
267;late;2;NA;NA;NA;NA;NA
267;late;3;NA;NA;NA;NA;NA
267;late;4;NA;NA;NA;NA;NA
267;late;5;NA;NA;NA;NA;NA
268;late;1;NA;NA;NA;NA;NA
268;late;2;NA;NA;NA;NA;NA
268;late;3;NA;NA;NA;NA;NA
268;late;4;NA;NA;NA;NA;NA
268;late;5;NA;NA;NA;NA;NA
269;late;1;NA;NA;NA;NA;NA
269;late;2;NA;NA;NA;NA;NA
269;late;3;NA;NA;NA;NA;NA
269;late;4;NA;NA;NA;NA;NA
269;late;5;NA;NA;NA;NA;NA
270;late;1;1;0;NA;NA;NA
270;late;2;2;0;NA;NA;NA
270;late;3;0;0;NA;NA;NA
270;late;4;0;0;NA;NA;NA
270;late;5;2;0;NA;NA;NA
271;late;1;2;0;NA;NA;NA
271;late;2;0;0;NA;NA;NA
271;late;3;2;0;NA;NA;NA
271;late;4;0;0;NA;NA;NA
271;late;5;0;0;NA;NA;NA
272;late;1;2;0;NA;NA;NA
272;late;2;2;0;NA;NA;NA
272;late;3;2;0;NA;NA;NA
272;late;4;2;0;NA;NA;NA
272;late;5;2;0;NA;NA;NA
273;late;1;NA;NA;NA;NA;NA
273;late;2;NA;NA;NA;NA;NA
273;late;3;NA;NA;NA;NA;NA
273;late;4;NA;NA;NA;NA;NA
273;late;5;NA;NA;NA;NA;NA
274;late;1;NA;NA;NA;NA;NA
274;late;2;NA;NA;NA;NA;NA
274;late;3;NA;NA;NA;NA;NA
274;late;4;NA;NA;NA;NA;NA
274;late;5;NA;NA;NA;NA;NA
275;late;1;NA;NA;NA;NA;NA
275;late;2;NA;NA;NA;NA;NA
275;late;3;NA;NA;NA;NA;NA
275;late;4;NA;NA;NA;NA;NA
275;late;5;NA;NA;NA;NA;NA
276;late;1;0;0;NA;NA;NA
276;late;2;2;0;NA;NA;NA
276;late;3;2;0;NA;NA;NA
276;late;4;2;0;NA;NA;NA
276;late;5;0;0;NA;NA;NA
277;late;1;0;1;NA;NA;NA
277;late;2;0;1;NA;NA;NA
277;late;3;2;0;NA;NA;NA
277;late;4;0;1;NA;NA;NA
277;late;5;1;0;NA;NA;NA
278;late;1;2;0;NA;NA;NA
278;late;2;2;0;NA;NA;NA
278;late;3;0;0;NA;NA;NA
278;late;4;1;0;NA;NA;NA
278;late;5;1;0;NA;NA;NA
279;late;1;0;0;NA;NA;NA
279;late;2;2;0;NA;NA;NA
279;late;3;NA;NA;NA;NA;NA
279;late;4;NA;NA;NA;NA;NA
279;late;5;NA;NA;NA;NA;NA
280;late;1;2;0;NA;NA;NA
280;late;2;0;0;NA;NA;NA
280;late;3;2;0;NA;NA;NA
280;late;4;2;1;NA;NA;NA
280;late;5;2;0;NA;NA;NA
281;late;1;2;0;NA;NA;NA
281;late;2;2;0;NA;NA;NA
281;late;3;0;0;NA;NA;NA
281;late;4;2;0;NA;NA;NA
281;late;5;2;1;NA;NA;NA
282;late;1;0;0;NA;NA;NA
282;late;2;2;0;NA;NA;NA
282;late;3;2;0;NA;NA;NA
282;late;4;2;0;NA;NA;NA
282;late;5;1;0;NA;NA;NA
283;late;1;1;0;NA;NA;NA
283;late;2;1;0;NA;NA;NA
283;late;3;0;0;NA;NA;NA
283;late;4;2;0;NA;NA;NA
283;late;5;0;0;NA;NA;NA
284;late;1;2;0;NA;NA;NA
284;late;2;2;0;NA;NA;NA
284;late;3;2;0;NA;NA;NA
284;late;4;2;0;NA;NA;NA
284;late;5;2;0;NA;NA;NA
285;late;1;1;0;NA;NA;NA
285;late;2;2;0;NA;NA;NA
285;late;3;2;0;NA;NA;NA
285;late;4;2;0;NA;NA;NA
285;late;5;2;0;NA;NA;NA
286;late;1;0;0;NA;NA;NA
286;late;2;2;0;NA;NA;NA
286;late;3;2;0;NA;NA;NA
286;late;4;1;0;NA;NA;NA
286;late;5;1;1;NA;NA;NA
287;late;1;2;0;NA;NA;NA
287;late;2;0;0;NA;NA;NA
287;late;3;2;1;NA;NA;NA
287;late;4;2;0;NA;NA;NA
287;late;5;2;0;NA;NA;NA
288;late;1;2;0;NA;NA;NA
288;late;2;2;0;NA;NA;NA
288;late;3;2;0;NA;NA;NA
288;late;4;2;0;NA;NA;NA
288;late;5;2;0;NA;NA;NA
289;late;1;2;0;NA;NA;NA
289;late;2;2;0;NA;NA;NA
289;late;3;0;1;NA;NA;NA
289;late;4;2;0;NA;NA;NA
289;late;5;2;0;NA;NA;NA
290;late;1;2;0;NA;NA;NA
290;late;2;2;0;NA;NA;NA
290;late;3;2;0;NA;NA;NA
290;late;4;2;0;NA;NA;NA
290;late;5;1;0;NA;NA;NA
291;late;1;2;0;NA;NA;NA
291;late;2;2;0;NA;NA;NA
291;late;3;0;0;NA;NA;NA
291;late;4;2;0;NA;NA;NA
291;late;5;2;0;NA;NA;NA
292;late;1;2;0;NA;NA;NA
292;late;2;2;0;NA;NA;NA
292;late;3;2;0;NA;NA;NA
292;late;4;2;0;NA;NA;NA
292;late;5;1;0;NA;NA;NA
293;late;1;2;0;NA;NA;NA
293;late;2;2;0;NA;NA;NA
293;late;3;2;0;NA;NA;NA
293;late;4;2;0;NA;NA;NA
293;late;5;2;0;NA;NA;NA
294;late;1;0;0;NA;NA;NA
294;late;2;2;0;NA;NA;NA
294;late;3;2;0;NA;NA;NA
294;late;4;1;0;NA;NA;NA
294;late;5;2;0;NA;NA;NA
295;late;1;NA;NA;NA;NA;NA
295;late;2;NA;NA;NA;NA;NA
295;late;3;NA;NA;NA;NA;NA
295;late;4;NA;NA;NA;NA;NA
295;late;5;NA;NA;NA;NA;NA
296;late;1;2;0;NA;NA;NA
296;late;2;2;0;NA;NA;NA
296;late;3;0;1;NA;NA;NA
296;late;4;2;0;NA;NA;NA
296;late;5;1;1;NA;NA;NA
297;late;1;NA;NA;NA;NA;NA
297;late;2;NA;NA;NA;NA;NA
297;late;3;NA;NA;NA;NA;NA
297;late;4;NA;NA;NA;NA;NA
297;late;5;NA;NA;NA;NA;NA
298;late;1;NA;NA;NA;NA;NA
298;late;2;NA;NA;NA;NA;NA
298;late;3;NA;NA;NA;NA;NA
298;late;4;NA;NA;NA;NA;NA
298;late;5;NA;NA;NA;NA;NA
299;late;1;NA;NA;NA;NA;NA
299;late;2;NA;NA;NA;NA;NA
299;late;3;NA;NA;NA;NA;NA
299;late;4;NA;NA;NA;NA;NA
299;late;5;NA;NA;NA;NA;NA
300;late;1;NA;NA;NA;NA;NA
300;late;2;NA;NA;NA;NA;NA
300;late;3;NA;NA;NA;NA;NA
300;late;4;NA;NA;NA;NA;NA
300;late;5;NA;NA;NA;NA;NA
301;late;1;0;1;NA;NA;NA
301;late;2;2;0;NA;NA;NA
301;late;3;0;1;NA;NA;NA
301;late;4;2;0;NA;NA;NA
301;late;5;1;0;NA;NA;NA
302;late;1;0;1;NA;NA;NA
302;late;2;2;0;NA;NA;NA
302;late;3;0;0;NA;NA;NA
302;late;4;0;1;NA;NA;NA
302;late;5;0;0;NA;NA;NA
303;late;1;NA;NA;NA;NA;NA
303;late;2;NA;NA;NA;NA;NA
303;late;3;NA;NA;NA;NA;NA
303;late;4;NA;NA;NA;NA;NA
303;late;5;NA;NA;NA;NA;NA
304;late;1;1;1;NA;NA;NA
304;late;2;0;0;NA;NA;NA
304;late;3;1;1;NA;NA;NA
304;late;4;0;1;NA;NA;NA
304;late;5;NA;NA;NA;NA;NA
305;late;1;2;1;NA;NA;NA
305;late;2;1;0;NA;NA;NA
305;late;3;1;1;NA;NA;NA
305;late;4;1;1;NA;NA;NA
305;late;5;2;0;NA;NA;NA
306;late;1;0;0;NA;NA;NA
306;late;2;2;0;NA;NA;NA
306;late;3;2;0;NA;NA;NA
306;late;4;0;0;NA;NA;NA
306;late;5;2;0;NA;NA;NA
307;late;1;0;0;NA;NA;NA
307;late;2;0;0;NA;NA;NA
307;late;3;0;0;NA;NA;NA
307;late;4;0;1;NA;NA;NA
307;late;5;0;1;NA;NA;NA
308;late;1;0;0;NA;NA;NA
308;late;2;2;0;NA;NA;NA
308;late;3;2;0;NA;NA;NA
308;late;4;2;0;NA;NA;NA
308;late;5;2;0;NA;NA;NA
309;late;1;2;0;NA;NA;NA
309;late;2;2;0;NA;NA;NA
309;late;3;1;0;NA;NA;NA
309;late;4;0;1;NA;NA;NA
309;late;5;2;0;NA;NA;NA
310;late;1;2;0;NA;NA;NA
310;late;2;2;0;NA;NA;NA
310;late;3;2;0;NA;NA;NA
310;late;4;NA;NA;NA;NA;NA
310;late;5;NA;NA;NA;NA;NA
311;late;1;2;0;NA;NA;NA
311;late;2;2;1;NA;NA;NA
311;late;3;2;0;NA;NA;NA
311;late;4;2;0;NA;NA;NA
311;late;5;2;0;NA;NA;NA
312;late;1;2;1;NA;NA;NA
312;late;2;1;0;NA;NA;NA
312;late;3;2;0;NA;NA;NA
312;late;4;2;1;NA;NA;NA
312;late;5;2;0;NA;NA;NA
213;late;1;2;0;NA;NA;NA
213;late;2;0;1;NA;NA;NA
213;late;3;0;1;NA;NA;NA
213;late;4;2;0;NA;NA;NA
213;late;5;2;0;NA;NA;NA
314;late;1;0;0;NA;NA;NA
314;late;2;0;0;NA;NA;NA
314;late;3;0;0;NA;NA;NA
314;late;4;1;0;NA;NA;NA
314;late;5;0;0;NA;NA;NA
315;late;1;2;1;NA;NA;NA
315;late;2;2;0;NA;NA;NA
315;late;3;0;0;NA;NA;NA
315;late;4;0;0;NA;NA;NA
315;late;5;0;1;NA;NA;NA
316;late;1;0;0;NA;NA;NA
316;late;2;1;0;NA;NA;NA
316;late;3;2;0;NA;NA;NA
316;late;4;2;0;NA;NA;NA
316;late;5;0;0;NA;NA;NA
317;late;1;2;0;NA;NA;NA
317;late;2;0;0;NA;NA;NA
317;late;3;0;0;NA;NA;NA
317;late;4;0;1;NA;NA;NA
317;late;5;NA;NA;NA;NA;NA
318;late;1;0;0;NA;NA;NA
318;late;2;0;0;NA;NA;NA
318;late;3;1;0;NA;NA;NA
318;late;4;2;0;NA;NA;NA
318;late;5;0;1;NA;NA;NA
319;late;1;2;0;NA;NA;NA
319;late;2;1;1;NA;NA;NA
319;late;3;2;0;NA;NA;NA
319;late;4;1;0;NA;NA;NA
319;late;5;2;0;NA;NA;NA
320;late;1;1;0;NA;NA;NA
320;late;2;2;0;NA;NA;NA
320;late;3;0;1;NA;NA;NA
320;late;4;2;0;NA;NA;NA
320;late;5;2;0;NA;NA;NA
321;late;1;1;0;NA;NA;NA
321;late;2;1;0;NA;NA;NA
321;late;3;0;0;NA;NA;NA
321;late;4;0;0;NA;NA;NA
321;late;5;2;0;NA;NA;NA
322;late;1;1;0;NA;NA;NA
322;late;2;2;0;NA;NA;NA
322;late;3;0;0;NA;NA;NA
322;late;4;0;0;NA;NA;NA
322;late;5;1;1;NA;NA;NA
323;late;1;2;0;NA;NA;NA
323;late;2;2;0;NA;NA;NA
323;late;3;1;0;NA;NA;NA
323;late;4;2;0;NA;NA;NA
323;late;5;NA;NA;NA;NA;NA
324;late;1;2;0;NA;NA;NA
324;late;2;2;0;NA;NA;NA
324;late;3;2;0;NA;NA;NA
324;late;4;0;0;NA;NA;NA
324;late;5;2;0;NA;NA;NA
325;late;1;0;0;NA;NA;NA
325;late;2;1;0;NA;NA;NA
325;late;3;1;0;NA;NA;NA
325;late;4;NA;NA;NA;NA;NA
325;late;5;NA;NA;NA;NA;NA
326;late;1;0;0;NA;NA;NA
326;late;2;1;0;NA;NA;NA
326;late;3;2;0;NA;NA;NA
326;late;4;2;0;NA;NA;NA
326;late;5;2;0;NA;NA;NA
327;late;1;1;0;NA;NA;NA
327;late;2;1;0;NA;NA;NA
327;late;3;2;0;NA;NA;NA
327;late;4;2;0;NA;NA;NA
327;late;5;0;1;NA;NA;NA
328;late;1;1;0;NA;NA;NA
328;late;2;0;0;NA;NA;NA
328;late;3;1;1;NA;NA;NA
328;late;4;0;0;NA;NA;NA
328;late;5;1;0;NA;NA;NA
329;late;1;2;0;NA;NA;NA
329;late;2;2;0;NA;NA;NA
329;late;3;2;0;NA;NA;NA
329;late;4;2;0;NA;NA;NA
329;late;5;2;0;NA;NA;NA
330;late;1;0;0;NA;NA;NA
330;late;2;0;0;NA;NA;NA
330;late;3;0;0;NA;NA;NA
330;late;4;0;0;NA;NA;NA
330;late;5;0;0;NA;NA;NA
331;late;1;1;1;NA;NA;NA
331;late;2;1;0;NA;NA;NA
331;late;3;1;0;NA;NA;NA
331;late;4;0;0;NA;NA;NA
331;late;5;1;0;NA;NA;NA
332;late;1;1;0;NA;NA;NA
332;late;2;2;0;NA;NA;NA
332;late;3;2;0;NA;NA;NA
332;late;4;2;0;NA;NA;NA
332;late;5;2;0;NA;NA;NA
333;late;1;0;0;NA;NA;NA
333;late;2;0;0;NA;NA;NA
333;late;3;0;0;NA;NA;NA
333;late;4;0;1;NA;NA;NA
333;late;5;0;1;NA;NA;NA
334;late;1;2;0;NA;NA;NA
334;late;2;2;0;NA;NA;NA
334;late;3;2;0;NA;NA;NA
334;late;4;1;0;NA;NA;NA
334;late;5;0;1;NA;NA;NA
335;late;1;NA;NA;NA;NA;NA
335;late;2;NA;NA;NA;NA;NA
335;late;3;NA;NA;NA;NA;NA
335;late;4;NA;NA;NA;NA;NA
335;late;5;NA;NA;NA;NA;NA
336;late;1;0;1;NA;NA;NA
336;late;2;2;0;NA;NA;NA
336;late;3;0;0;NA;NA;NA
336;late;4;0;0;NA;NA;NA
336;late;5;2;0;NA;NA;NA
337;late;1;2;0;NA;NA;NA
337;late;2;2;0;NA;NA;NA
337;late;3;2;0;NA;NA;NA
337;late;4;1;0;NA;NA;NA
337;late;5;2;0;NA;NA;NA
338;late;1;0;0;NA;NA;NA
338;late;2;0;0;NA;NA;NA
338;late;3;2;0;NA;NA;NA
338;late;4;1;1;NA;NA;NA
338;late;5;0;1;NA;NA;NA
339;late;1;0;0;NA;NA;NA
339;late;2;2;0;NA;NA;NA
339;late;3;2;0;NA;NA;NA
339;late;4;2;0;NA;NA;NA
339;late;5;2;0;NA;NA;NA
340;late;1;1;0;NA;NA;NA
340;late;2;1;0;NA;NA;NA
340;late;3;2;0;NA;NA;NA
340;late;4;2;0;NA;NA;NA
340;late;5;2;0;NA;NA;NA
341;late;1;2;0;NA;NA;NA
341;late;2;2;0;NA;NA;NA
341;late;3;2;0;NA;NA;NA
341;late;4;2;0;NA;NA;NA
341;late;5;NA;NA;NA;NA;NA
342;late;1;NA;NA;NA;NA;NA
342;late;2;NA;NA;NA;NA;NA
342;late;3;NA;NA;NA;NA;NA
342;late;4;NA;NA;NA;NA;NA
342;late;5;NA;NA;NA;NA;NA
343;late;1;NA;NA;NA;NA;NA
343;late;2;NA;NA;NA;NA;NA
343;late;3;NA;NA;NA;NA;NA
343;late;4;NA;NA;NA;NA;NA
343;late;5;NA;NA;NA;NA;NA
344;late;1;NA;NA;NA;NA;NA
344;late;2;NA;NA;NA;NA;NA
344;late;3;NA;NA;NA;NA;NA
344;late;4;NA;NA;NA;NA;NA
344;late;5;NA;NA;NA;NA;NA
345;late;1;2;0;NA;NA;NA
345;late;2;2;0;NA;NA;NA
345;late;3;2;0;NA;NA;NA
345;late;4;2;0;NA;NA;NA
345;late;5;2;0;NA;NA;NA
346;late;1;2;0;NA;NA;NA
346;late;2;2;0;NA;NA;NA
346;late;3;2;0;NA;NA;NA
346;late;4;2;0;NA;NA;NA
346;late;5;0;1;NA;NA;NA
347;late;1;2;0;NA;NA;NA
347;late;2;2;0;NA;NA;NA
347;late;3;2;0;NA;NA;NA
347;late;4;0;1;NA;NA;NA
347;late;5;2;0;NA;NA;NA
348;late;1;1;0;NA;NA;NA
348;late;2;2;0;NA;NA;NA
348;late;3;2;0;NA;NA;NA
348;late;4;2;0;NA;NA;NA
348;late;5;2;0;NA;NA;NA
349;late;1;NA;NA;NA;NA;NA
349;late;2;NA;NA;NA;NA;NA
349;late;3;NA;NA;NA;NA;NA
349;late;4;NA;NA;NA;NA;NA
349;late;5;NA;NA;NA;NA;NA
350;late;1;2;0;NA;NA;NA
350;late;2;2;0;NA;NA;NA
350;late;3;0;0;NA;NA;NA
350;late;4;1;0;NA;NA;NA
350;late;5;2;0;NA;NA;NA
351;late;1;NA;NA;NA;NA;NA
351;late;2;NA;NA;NA;NA;NA
351;late;3;NA;NA;NA;NA;NA
351;late;4;NA;NA;NA;NA;NA
351;late;5;NA;NA;NA;NA;NA
352;late;1;2;0;NA;NA;NA
352;late;2;0;0;NA;NA;NA
352;late;3;2;0;NA;NA;NA
352;late;4;0;0;NA;NA;NA
352;late;5;2;0;NA;NA;NA
353;late;1;2;0;NA;NA;NA
353;late;2;2;0;NA;NA;NA
353;late;3;2;0;NA;NA;NA
353;late;4;1;0;NA;NA;NA
353;late;5;1;0;NA;NA;NA
354;late;1;NA;NA;NA;NA;NA
354;late;2;NA;NA;NA;NA;NA
354;late;3;NA;NA;NA;NA;NA
354;late;4;NA;NA;NA;NA;NA
354;late;5;NA;NA;NA;NA;NA
355;late;1;2;0;NA;NA;NA
355;late;2;2;0;NA;NA;NA
355;late;3;2;0;NA;NA;NA
355;late;4;0;0;NA;NA;NA
355;late;5;0;0;NA;NA;NA
356;late;1;1;0;NA;NA;NA
356;late;2;0;1;NA;NA;NA
356;late;3;0;1;NA;NA;NA
356;late;4;2;0;NA;NA;NA
356;late;5;2;0;NA;NA;NA
357;late;1;NA;NA;NA;NA;NA
357;late;2;NA;NA;NA;NA;NA
357;late;3;NA;NA;NA;NA;NA
357;late;4;NA;NA;NA;NA;NA
357;late;5;NA;NA;NA;NA;NA
358;late;1;2;0;NA;NA;NA
358;late;2;2;0;NA;NA;NA
358;late;3;1;0;NA;NA;NA
358;late;4;2;0;NA;NA;NA
358;late;5;0;1;NA;NA;NA
359;late;1;2;0;NA;NA;NA
359;late;2;2;0;NA;NA;NA
359;late;3;2;0;NA;NA;NA
359;late;4;2;0;NA;NA;NA
359;late;5;1;1;NA;NA;NA
360;late;1;1;0;NA;NA;NA
360;late;2;2;0;NA;NA;NA
360;late;3;0;0;NA;NA;NA
360;late;4;0;0;NA;NA;NA
360;late;5;0;1;NA;NA;NA
361;late;1;NA;NA;NA;NA;NA
361;late;2;NA;NA;NA;NA;NA
361;late;3;NA;NA;NA;NA;NA
361;late;4;NA;NA;NA;NA;NA
361;late;5;NA;NA;NA;NA;NA
362;late;1;2;0;NA;NA;NA
362;late;2;2;0;NA;NA;NA
362;late;3;2;0;NA;NA;NA
362;late;4;1;0;NA;NA;NA
362;late;5;2;0;NA;NA;NA
363;late;1;2;0;NA;NA;NA
363;late;2;2;0;NA;NA;NA
363;late;3;2;0;NA;NA;NA
363;late;4;2;0;NA;NA;NA
363;late;5;2;0;NA;NA;NA
364;late;1;2;0;NA;NA;NA
364;late;2;2;0;NA;NA;NA
364;late;3;2;0;NA;NA;NA
364;late;4;2;0;NA;NA;NA
364;late;5;2;0;NA;NA;NA
365;late;1;NA;NA;NA;NA;NA
365;late;2;NA;NA;NA;NA;NA
365;late;3;NA;NA;NA;NA;NA
365;late;4;NA;NA;NA;NA;NA
365;late;5;NA;NA;NA;NA;NA
366;late;1;NA;NA;NA;NA;NA
366;late;2;NA;NA;NA;NA;NA
366;late;3;NA;NA;NA;NA;NA
366;late;4;NA;NA;NA;NA;NA
366;late;5;NA;NA;NA;NA;NA
367;late;1;2;1;NA;NA;NA
367;late;2;0;1;NA;NA;NA
367;late;3;2;1;NA;NA;NA
367;late;4;1;0;NA;NA;NA
367;late;5;1;0;NA;NA;NA
368;late;1;1;0;NA;NA;NA
368;late;2;1;0;NA;NA;NA
368;late;3;0;0;NA;NA;NA
368;late;4;0;0;NA;NA;NA
368;late;5;2;0;NA;NA;NA
369;late;1;NA;NA;NA;NA;NA
369;late;2;NA;NA;NA;NA;NA
369;late;3;NA;NA;NA;NA;NA
369;late;4;NA;NA;NA;NA;NA
369;late;5;NA;NA;NA;NA;NA
370;late;1;NA;NA;NA;NA;NA
370;late;2;NA;NA;NA;NA;NA
370;late;3;NA;NA;NA;NA;NA
370;late;4;NA;NA;NA;NA;NA
370;late;5;NA;NA;NA;NA;NA
371;late;1;0;0;NA;NA;NA
371;late;2;1;1;NA;NA;NA
371;late;3;0;0;NA;NA;NA
371;late;4;0;0;NA;NA;NA
371;late;5;2;0;NA;NA;NA
372;late;1;0;0;NA;NA;NA
372;late;2;2;0;NA;NA;NA
372;late;3;2;0;NA;NA;NA
372;late;4;2;0;NA;NA;NA
372;late;5;2;0;NA;NA;NA
373;late;1;2;0;NA;NA;NA
373;late;2;2;0;NA;NA;NA
373;late;3;1;0;NA;NA;NA
373;late;4;1;0;NA;NA;NA
373;late;5;1;0;NA;NA;NA
374;late;1;2;0;NA;NA;NA
374;late;2;2;0;NA;NA;NA
374;late;3;2;0;NA;NA;NA
374;late;4;2;0;NA;NA;NA
374;late;5;2;0;NA;NA;NA
375;late;1;2;0;NA;NA;NA
375;late;2;2;0;NA;NA;NA
375;late;3;0;1;NA;NA;NA
375;late;4;2;0;NA;NA;NA
375;late;5;2;1;NA;NA;NA
376;late;1;NA;NA;NA;NA;NA
376;late;2;NA;NA;NA;NA;NA
376;late;3;NA;NA;NA;NA;NA
376;late;4;NA;NA;NA;NA;NA
376;late;5;NA;NA;NA;NA;NA
377;late;1;NA;NA;NA;NA;NA
377;late;2;NA;NA;NA;NA;NA
377;late;3;NA;NA;NA;NA;NA
377;late;4;NA;NA;NA;NA;NA
377;late;5;NA;NA;NA;NA;NA
378;late;1;NA;NA;NA;NA;NA
378;late;2;NA;NA;NA;NA;NA
378;late;3;NA;NA;NA;NA;NA
378;late;4;NA;NA;NA;NA;NA
378;late;5;NA;NA;NA;NA;NA
379;late;1;0;0;NA;NA;NA
379;late;2;0;0;NA;NA;NA
379;late;3;0;1;NA;NA;NA
379;late;4;2;0;NA;NA;NA
379;late;5;0;1;NA;NA;NA
380;late;1;2;0;NA;NA;NA
380;late;2;1;0;NA;NA;NA
380;late;3;2;0;NA;NA;NA
380;late;4;0;0;NA;NA;NA
380;late;5;2;0;NA;NA;NA
381;late;1;NA;NA;NA;NA;NA
381;late;2;NA;NA;NA;NA;NA
381;late;3;NA;NA;NA;NA;NA
381;late;4;NA;NA;NA;NA;NA
381;late;5;NA;NA;NA;NA;NA
382;late;1;0;0;NA;NA;NA
382;late;2;0;0;NA;NA;NA
382;late;3;2;0;NA;NA;NA
382;late;4;0;0;NA;NA;NA
382;late;5;0;0;NA;NA;NA
383;late;1;2;0;NA;NA;NA
383;late;2;0;1;NA;NA;NA
383;late;3;0;0;NA;NA;NA
383;late;4;0;0;NA;NA;NA
383;late;5;2;0;NA;NA;NA
384;late;1;NA;NA;NA;NA;NA
384;late;2;NA;NA;NA;NA;NA
384;late;3;NA;NA;NA;NA;NA
384;late;4;NA;NA;NA;NA;NA
384;late;5;NA;NA;NA;NA;NA
385;late;1;2;0;NA;NA;NA
385;late;2;2;0;NA;NA;NA
385;late;3;1;0;NA;NA;NA
385;late;4;2;0;NA;NA;NA
385;late;5;2;0;NA;NA;NA
386;late;1;0;0;NA;NA;NA
386;late;2;1;0;NA;NA;NA
386;late;3;0;0;NA;NA;NA
386;late;4;2;0;NA;NA;NA
386;late;5;0;0;NA;NA;NA
387;late;1;0;0;NA;NA;NA
387;late;2;0;0;NA;NA;NA
387;late;3;1;0;NA;NA;NA
387;late;4;1;0;NA;NA;NA
387;late;5;2;0;NA;NA;NA
388;late;1;2;0;NA;NA;NA
388;late;2;0;0;NA;NA;NA
388;late;3;0;0;NA;NA;NA
388;late;4;0;0;NA;NA;NA
388;late;5;2;0;NA;NA;NA
389;late;1;0;0;NA;NA;NA
389;late;2;2;0;NA;NA;NA
389;late;3;2;0;NA;NA;NA
389;late;4;2;0;NA;NA;NA
389;late;5;2;0;NA;NA;NA
390;late;1;2;1;NA;NA;NA
390;late;2;2;1;NA;NA;NA
390;late;3;0;0;NA;NA;NA
390;late;4;2;0;NA;NA;NA
390;late;5;0;0;NA;NA;NA
391;late;1;2;1;NA;NA;NA
391;late;2;0;0;NA;NA;NA
391;late;3;0;0;NA;NA;NA
391;late;4;0;1;NA;NA;NA
391;late;5;2;0;NA;NA;NA
392;late;1;NA;NA;NA;NA;NA
392;late;2;NA;NA;NA;NA;NA
392;late;3;NA;NA;NA;NA;NA
392;late;4;NA;NA;NA;NA;NA
392;late;5;NA;NA;NA;NA;NA
393;late;1;NA;NA;NA;NA;NA
393;late;2;NA;NA;NA;NA;NA
393;late;3;NA;NA;NA;NA;NA
393;late;4;NA;NA;NA;NA;NA
393;late;5;NA;NA;NA;NA;NA
394;late;1;NA;NA;NA;NA;NA
394;late;2;NA;NA;NA;NA;NA
394;late;3;NA;NA;NA;NA;NA
394;late;4;NA;NA;NA;NA;NA
394;late;5;NA;NA;NA;NA;NA
395;late;1;2;0;NA;NA;NA
395;late;2;2;0;NA;NA;NA
395;late;3;2;0;NA;NA;NA
395;late;4;0;0;NA;NA;NA
395;late;5;0;0;NA;NA;NA
396;late;1;1;0;NA;NA;NA
396;late;2;2;0;NA;NA;NA
396;late;3;2;0;NA;NA;NA
396;late;4;2;0;NA;NA;NA
396;late;5;2;0;NA;NA;NA
397;late;1;1;0;NA;NA;NA
397;late;2;2;0;NA;NA;NA
397;late;3;2;0;NA;NA;NA
397;late;4;2;0;NA;NA;NA
397;late;5;0;0;NA;NA;NA
398;late;1;NA;NA;NA;NA;NA
398;late;2;NA;NA;NA;NA;NA
398;late;3;NA;NA;NA;NA;NA
398;late;4;NA;NA;NA;NA;NA
398;late;5;NA;NA;NA;NA;NA
399;late;1;NA;NA;NA;NA;NA
399;late;2;NA;NA;NA;NA;NA
399;late;3;NA;NA;NA;NA;NA
399;late;4;NA;NA;NA;NA;NA
399;late;5;NA;NA;NA;NA;NA
400;late;1;2;0;NA;NA;NA
400;late;2;NA;NA;NA;NA;NA
400;late;3;NA;NA;NA;NA;NA
400;late;4;NA;NA;NA;NA;NA
400;late;5;NA;NA;NA;NA;NA
